Nom,Âge,Revenu,Date_inscription,Commentaire
Catherine,68,4567.,jour 02 mois 03 an 2024,<b>Très</b> satisfait!!!
Léa,67,1268.£,2024-04-17,bonne qualité
Louna,31,4894 €,mars 07 2024,sous réserve
Clara,15,36O3 CHF,27 Feb 2024,impossible de joindre le SAV
Marc,35 ans,"3391, dollars",2024-03-28,mauvais
Juliette,120,3722e3₽,2024-02-10,Problème livraison
Léo,64,3655 000€ ,2024-02-13,aucun commentaire
Léa,vieux,2264  pesos,22/03/24,catastrophique
Élodie,80,4736$,vers 07-04-2024,JUSTE PARFAIT
Clément,86,lO98  €,2024/02/04,bon contact
Louise,42,4989 euros,2024-04-04 00:00:00,vendeur courtois
Léa,48,4215e3€ ,20240323,paiement refusé
Alice,53,4322 €,2024/03,problème technique
Didier,N/A,25l9 CHF,ll-ll-llll llhll,fonctionne pas
Clara,88,3228  CAD,2024-01-12 00:00:00,PARFAIT MERCI
Gaspard,57,3574 000 pesos,25 February 2024,site lent
Adèle,35 ans,231Oe3 ₣,17/02/2024,rapide et efficace
Jean,15,4085e3 USD,le 27 March 2024,LIVRAISON EXPRESS
Didier,35 ans,45OO  €,2024-02-04,juste parfait
Léa,vieux,2264  pesos,22/03/24,catastrophique
Mathis,77,l332e3€ ,le 01 March 2024,A EVITER
Marine,46,"3639, CAD","February 25, 2024",Super accueil
Nathan,28,4366e3¥,28 March 2024,Bon   service
Sébastien,77,3Oll₽,2024-03-19,très lent
Géraldine,72,3649 000 couronnes,2024.16.01,TROP CHER
Jacques,53,347O. ₣,llll/ll,Tres  bon
Noémie,17,458O 000€ ,2024/04,non conforme
Bernard,71,"3776,$",03-02-2024 00h00,à fuir
Timéo,55,3379 000 pesos,04/02/24,<b>Très</b> satisfait!!!
Baptiste,43,2832e3 $,2024-02-11,vendeur sympa
Lina,84,4294. CAD,27/01/24,je recommande
Coralie,89,4449  euros,"January 01, 2024",superbe expérience
Cécile,47,l945.₽,08/02/2024,top produit
Raphaël,46,4353 CAD,OOOOOOOO,bon contact
Géraldine,65,"3931,₽","February ll, llll",service client top
Pascal,—,2866 ,2024/01,aucun commentaire
Adam,66,3273e3 euros,2024.01.04,   
Marc,49,2llle3,"February 29, 2024",   
Jean,vingt-cinq,"2107, €",2024-01-10T00:00:00Z,emballage abîmé
Jean,,2279 USD,2024.18.02,manque d’amabilité
Didier,79,355l  USD,2024.04.22,RETARD COLIS
Christophe,82,"4646, couronnes",20240420,aucune notice
Anaïs,44,"2336,€ ",12 Apr 2024,expédition rapide
Lina,81,492O  dollars,vers 29-01-2024,SATISFAIT
Eva,46,3062 dollars,23/04/2024,Super accueil
Antoine,33,455Oe3€,vers OO-OO-OOOO,fonctionne pas
Anaïs,49,l585 € ,jour 07 mois 03 an 2024,colis perdu
Cécile,47,"1O3O,",2024-02-22 00:00:00,Excellent!!!
Carole,21,2283 000 CHF,vers 13-03-2024,produit endommagé
Géraldine,44,"l759, pesos",2024-03-04,livraison rapide
Océane,63,1276$,2024/04,rapide et efficace
Alexandre,62,3O97 ,mars 08 2024,retour simple
Jacques,50,"4153,$",jour 12 mois 01 an 2024,colis perdu
Zoé,68,1803 CHF,2024.03.02,vendeur peu professionnel
Pierre,64,"2086,₽",02/04/24,Excellent!!!
Clément,29,l863₹,"February 12, 2024",très lent
François,aucun,4562e3$,2024/03/24,paiement refusé
Paul,88,3070e3€ ,02 Jan 2024,aucune explication
Romain,78,2820 USD,16/04/2024,bon contact
Fatou,32,2783.,llll-ll-llTll:ll:llZ,emballage parfait
Grégoire,0,4l75. ₣,OO/OO/OOOO,Problème livraison
Maëva,80,3858e3€,11-04-2024,—
Nicolas,35 ans,2052 €,llll-ll-ll ll:ll:ll,service à revoir
Yasmine,25,3793 000$,2024-04-24 00:00:00,manque d’amabilité
Amandine,57,2070 ¥,le 09 February 2024,très bon accueil
Yohan,NULL,4571 $,15-04-2024,   
Jean,18,3297  USD,jour 04 mois 03 an 2024,excellent rapport qualité/prix
Théo,84,2663e3₽,28/04/2024,non conforme
Patricia,44,3056 ₹,01/02/24,site lent
Patricia,44,3056 ₹,01/02/24,site lent
Evaëlle,73,2536  euros,20240129,retard colis
Yann,60,2890 000 CAD,16/01/2024,trop cher
Gaspard,37,2633. €,2024-03-04 00:00:00,   
Alexandre,adulte,"3347, pesos",2024-03-09,JUSTE PARFAIT
Michelle,84,4857  euros,04/02/2024,bonne qualité
Arthur,79,1379 yens,21-04-2024 00h00,EXCELLENT
Sandrine,82,3344  euros,15-03-2024,satisfait
Manon,43,12O9 000 dollars,llll-ll-ll ll:ll:ll,SITE PEU CLAIR
Clara,38,2846. USD,2024/01/09,vendeur sympa
Juliette,66,4448  USD,2024/02,RAS merci
Inès,0,2532 000£,01 Apr 2024,commande incomplète
Olivier,28,3687 000 CAD,16 Feb 2024,moyen
Éric,42,2365 USD,vers ll-ll-llll,NUL
Eva,cinquante,4830 000$,11/03/2024,rien à dire
Aurélien,41,2195. $,03/21/24,parfait merci
Stéphane,?,1918e3$,2024.04.11,Service moyen!
Maxime,58,4663 €,2024-02-10T00:00:00Z,commande annulée
Didier,75,45OO 000 €,08/04/24,CLIENT SATISFAIT
Louise,NULL,4592. USD,jour 16 mois 01 an 2024,problème de taille
Océane,25,246l  pesos,05 Mar 2024,manque d’amabilité
Nicolas,enfant,2l49. CHF,2024-02-06T00:00:00Z,fonctionne parfaitement
Noémie,,2251e3₽,13-02-2024,livraison rapide
Michelle,58,2395e3₽,01/01/24,je recommande
Romain,78,2820 USD,16/04/2024,bon contact
Yasmine,25,3793 000$,2024-04-24 00:00:00,manque d’amabilité
George,71,1191 000₹,"March 27, 2024",erreur de commande
Clémentine,32,2408 CHF,vers 09-03-2024,parfait merci
Ambre,62,4702e3 CAD,2024-04-29T00:00:00Z,Excellent!!!
Jacques,45,1792  euros,05-03-2024,parfait état
Thomas,21,3418  €,30-01-2024,NON CONFORME
Hervé,42,1945  CHF,llll.ll.ll,fonctionne pas
Gabriel,62,ll85e3 yens,vers ll-ll-llll,Bon   service
Louis,74,41O7 000€ ,26/04/2024,correct
Carole,?,l473 $,jour 05 mois 03 an 2024,à fuir
Amélie,61,1980  CAD,2024-02-25 00:00:00,excellent rapport qualité/prix
Yann,47,l335 dollars,2024-04-23,<I>PARFAIT</I>!!!
Anaïs, ,3433e3 $,jour 04 mois 04 an 2024,Super accueil
Emmanuelle,adulte,l735. yens,2024-01-31 00:00:00,client satisfait
Zoé,44,2605 €,mars 17 2024,super produit
Géraldine,48,l72O €,02 Mar 2024,A REVOIR
Dominique,57,4068. CAD,2024-03-16T00:00:00Z,service à revoir
Souleymane,26,"3773, couronnes",27 Feb 2024,<b>Correct</b>
Béatrice,19,34l8 000,2024-02-01,prix correct
Marie,21,4467  dollars,20240408,site peu clair
Arthur,60,"4156, CHF",2024.03.29,aucun souci
Eva,46,3062 dollars,23/04/2024,Super accueil
Vincent,19,42O2e3 CAD,"March 06, 2024",TROP CHER
Olivier,62,3193 ₽,23 Feb 2024,très mauvais
Denis,51,2816e3 $,jour 08 mois 01 an 2024,SERVICE RÉACTIF
Marie,vieux,1993 ₹,04-01-2024,TRÈS LENT
Manon,75,3652e3£,le 31 January 2024,super produit
Denis,20,"1462,₹",llllllll,SERVICE IMPECCABLE
Éric,42,2365 USD,vers ll-ll-llll,NUL
Léa,25,2628 000€,jour 03 mois 04 an 2024,EXCELLENT
Sophie,74,"l533, dollars",04/08/24,problème technique
Clara,15,1891  couronnes,ll Mar llll,support réactif
Corinne,34,22ll 000 USD,"April OO, OOOO",expédition rapide
Amandine,57,2583 € ,2024-03-29T00:00:00Z,satisfait
Mathis,120,l66l  euros,04/06/24,paiement refusé
Patricia,30,3014e3€ ,2024-02-12T00:00:00Z,AUCUN COMMENTAIRE
George,37,3OO9  couronnes,2024/01,bonne qualité
Aurélien,49,3835€,2024/04,site peu clair
Michelle,35 ans,l9l7  euros,23/03/24,peut mieux faire
Sarah,53,377O £,OOOO.OO.OO,très bon
Léa,86,2816  euros,21 February 2024,vendeur sympa
Noémie,NaN,125O  dollars,OO-OO-OOOO OOhOO,trop cher
Jean,74,4254e3,2024-03-24,PRIX CORRECT
Aurélien,28,4885 £,2024.01.19,Tres  bon
Léo,62,2818  USD,2024.13.04,erreur de commande
Jules,pas dit,3837e3,mars 28 2024,taille conforme
Hélène,39,3236e3 couronnes,12-03-2024 00h00,Bon SAV
Océane,49,3515 000 couronnes,2024-03-17,aucune notice
Thomas,34,l678 000 USD,25-02-2024 00h00,catastrophique
Sarah,19,4645 £,2024/01,mauvais
Alexandre,44,2010 000 dollars,2024.01.03,manque d’amabilité
Patricia,81,3633£,20240204,rien à dire
Grégoire,24,"3735, USD","March 14, 2024",prix correct
Didier,64,3734. USD,27 April 2024,vendeur courtois
Grégoire,31,4648 pesos,OOOO-OO-OOTOO:OO:OOZ,aucune notice
Juliette,17,33O2.£,2024.01.23,sympa
Romain,28,2l5le3 euros,2024/03/18,aucun commentaire
Julien,79,3776. CHF,ll/ll/ll,nickel
Aurélien,63,2965. CHF,jour 03 mois 01 an 2024,SOUS RÉSERVE
Lina,16,4027. CHF,18-03-2024,vendeur courtois
Alice,18,3432¥,"April 20, 2024",catastrophique
Adèle,vingt-cinq,"4044, CAD",12 Feb 2024,emballage abîmé
Evaëlle,66,2235  euros,2024-03-19,très bon accueil
Patricia,aucun,3716e3 couronnes,16 Jan 2024,PRODUIT CONFORME
Stéphane,adulte,l87le3 CAD,2024-02-08,rien à dire
Yann,63,3950.€,17/02/2024,service impeccable
Patricia,48,2562e3 €,11/04/24,A EVITER
Chloé,72,28lO.£,OOOO.OO.OO,—
Léa,89,"l852,€ ",2024-01-27T00:00:00Z,—
Timéo,,l088 000₽,28-04-2024,retour en attente
Yohan,76,4357.¥,le 20 March 2024,retour en attente
Stéphane,25,1030 dollars,2024.23.04,support réactif
Timéo,vieux,"l472, €",2024-01-06T00:00:00Z,aucune notice
Grégoire,53,"4014,€",02-03-2024,non conforme
Patricia,44,3056 ₹,01/02/24,site lent
Timéo,vieux,"l472, €",2024-01-06T00:00:00Z,aucune notice
Laura,81,4767 €,"January ll, llll",satisfait
Océane,  ,"2294, yens",31/01/24,retour en attente
Nathan,32,4058e3 couronnes,25-03-2024,   
Clara,15,1891  couronnes,ll Mar llll,support réactif
George,37,3OO9  couronnes,2024/01,bonne qualité
Loïc,71,"2290,",2024.04.08,RAS MERCI
Louis,35 ans,2638  couronnes,le 08 January 2024,NULL
Vincent,enfant,"4455, yens",04/09/24,MAUVAISE QUALITÉ
Paul,33,3379  euros,2024-02-15T00:00:00Z,parfait état
Didier,85,1899.€,2024/01/12,superbe expérience
Souleymane,33,"2310,€","February 19, 2024",retour simple
Ambre,NaN,l765  €,2024/01,problème technique
Ambre,enfant,l586  dollars,OOOO-OO-OOTOO:OO:OOZ,retour simple
Yohan,40,3OO6 € ,2024-03-21 00:00:00,Excellent!!!
Romain,57,2468 ¥,11-04-2024,paiement refusé
Clémentine,17,l286e3₹,22/04/24,produit endommagé
George,87,4250e3 ₣,2024-03-27,emballage sale
Clément,69,2ll7 dollars,2024.20.04,A REVOIR
Stéphane,76,2756.$,2024/04/09,emballage parfait
Cécile,51,2553  yens,10 February 2024,A EVITER
Amélie,58,3942 ₹,06/01/2024,MAUVAIS
Patricia,—,l707e3¥,OO March OOOO,rien à dire
Catherine,84,3718. yens,2024.02.28,manque d’amabilité
Coralie,50,2554 000£,2024/01,correct
Eva,80,l875. ₣,2024.25.04,rapide et efficace
Pierre,68,1550 € ,18 February 2024,erreur de commande
Mélanie,43,3l62 000$,06 Feb 2024,site peu clair
Éric,61,3882 €,2024/02,service client top
Nicolas,33,3979₽,mars 24 2024,produit endommagé
Maëva,20,l57O  ₣,2024/04/13,mauvaise qualité
Sophie,enfant,2210 ₣,01/08/24,RAPIDE ET EFFICACE
Eva,69,4934  pesos,vers 22-02-2024,livraison rapide
Juliette,NaN,23O5 000 euros,25-03-2024 00h00,super produit
Eva,49,"l974, ₣",20240121,client fidèle
Fatou,66,4568e3¥,02/01/2024,service client top
Carole,48,3464 ¥,"February 02, 2024",FONCTIONNE PARFAITEMENT
Sandrine,18,3999 000 CHF,2024.05.03,temps d’attente trop long
Cécile,enfant,"1556,¥",26-03-2024,Produit conforme
Lucas,23,"lO69, CHF",2024.29.02,SERVICE RÉACTIF
Clara,15,36O3 CHF,27 Feb 2024,impossible de joindre le SAV
Lucas,38,2372 €,20/03/24,Excellent!!!
Sandrine,45,"4637, couronnes",2024.25.02,excellent rapport qualité/prix
Sarah,19,4645 £,2024/01,mauvais
Aurélien,trente,1921  USD,ll-ll-llll,vendeur sympa
Mathis,53,l259 ₹,jour 03 mois 03 an 2024,Super accueil
Béatrice,86,4816 ₹,30-03-2024,vendeur peu professionnel
Clémentine,,l376  €,OO Jan OOOO,SERVICE À REVOIR
Marine,vieux,33O2. $,OOOO/OO/OO,support réactif
Ambre,  ,lOll ,2024-02-24T00:00:00Z,FONCTIONNE PARFAITEMENT
Sylvie,16,45O8€,2024/02/01,aucun commentaire
Lina,36,3858 $,03/25/24,Super accueil
Pierre,42,3940€,OOOO/OO/OO,livraison rapide
Yohan,45,243l euros,le ll March llll,SOUS RÉSERVE
Lina,vieux,ll0l 000 yens,2024-02-14T00:00:00Z,colis perdu
Patricia,,l687 000₹,29/03/2024,sympa
Gabriel,30,4836.£,ll-ll-llll,rien à dire
Clément,19,"2332, euros",09-03-2024,problème de taille
Marine,51,2379. yens,OOOOOOOO,NULL
Maxime,0,4597e3 pesos,le 21 March 2024,superbe expérience
Régis,48,"l278,€",2024/03,aucun souci
Béatrice,vingt-cinq,l555e3₽,2024.03.11,bonne qualité
Inès,  ,3928 ₹,2024/04/20,moyen
Jacques,85,1926.,18 Apr 2024,RIEN À DIRE
Clara,45,ll62e3 pesos,"January 24, 2024",peut mieux faire
Béatrice,29,lO63 000£,2024-02-09,<b>Très</b> satisfait!!!
Géraldine,53,"3997, CAD",jour 09 mois 03 an 2024,PARFAIT ÉTAT
George,50,476l. pesos,2024-02-13 00:00:00,nul
Jean,18,3297  USD,jour 04 mois 03 an 2024,excellent rapport qualité/prix
Marc,57,3O38  yens,06 April 2024,A REVOIR
Louis,45,2l60  couronnes,2024.02.01,site lent
Hervé,61,2820  dollars,2024/03,mauvaise qualité
Loïc,46,"43l3, euros",08 February 2024,PRODUIT CONFORME
Timéo,81,3686e3£,2024/03/24,A REVOIR
Alicia,pas dit,25l7. USD,mars 01 2024,nickel
Noémie,NULL,3215e3,2024-04-16,MAUVAISE QUALITÉ
Grégoire,59,407l$,vers 11-03-2024,je recommande
George,83,"ll69, €",23/01/24,produit endommagé
Gaspard,NULL,"3249, pesos",2024-04-26T00:00:00Z,Produit conforme
Yann,adulte,l497. couronnes,20240427,LIVRAISON RAPIDE
Béatrice,23,l966 000$,03/20/24,retour en attente
Hugo,22,44O5. CAD,vers OO-OO-OOOO,service réactif
Amélie,vieux,4889 000 CAD,2024-04-28T00:00:00Z,livré en retard
Raphaël,87,2638 000,2024/03/23,problème de taille
Chloé,66,348le3£,2024-01-11T00:00:00Z,SERVICE À REVOIR
Clément,17,4586.€,2024-04-21 00:00:00,Produit conforme
Adèle,NULL,"3446, CHF",03/23/24,juste parfait
Louis,54,1809  pesos,2024-03-10T00:00:00Z,manque d’amabilité
Théo,20,43O9  CHF,20240201,nul
Béatrice,26,4721e3,le 22 February 2024,sympa
Adèle,82,3597  $,04/21/24,problème de taille
Léo,20,4056 € ,28-04-2024 00h00,Problème livraison
Sandrine,20,4935$,2024-02-22,livraison express
Régis,48,"l278,€",2024/03,aucun souci
Olivier,67,3O79.£,2024-01-27 00:00:00,client satisfait
Amélie,41,47OO  €,01/02/2024,très bon
Mickaël,18,2479  €,vers 16-01-2024,service à revoir
Emmanuelle,donnée manquante,4956 pesos,20240314,INSTALLATION FACILE
Chloé,23,"2O35,","January 15, 2024",—
Evaëlle,75,2l78 ₽,2024-03-31 00:00:00,à recommander
George,59,3052 000¥,2024.03.10,Super accueil
Vincent,29,l9ll. CAD,14 March 2024,nickel
Marie,21,37l4  ₣,llll.ll.ll,produit endommagé
Maxime, ,4138 € ,26 February 2024,PROBLÈME DE TAILLE
Hervé,68,2648 000,ll/ll/llll,fonctionne pas
Souleymane,51,3357.₽,20240407,sympa
Léa,35 ans,2431  euros,jour 28 mois 02 an 2024,très bien
Bob,17,4016  €,mars 24 2024,produit endommagé
Sylvie,89,2584. dollars,23/03/24,vendeur sympa
Juliette,58,1597 000 CAD,2024/03/09,nickel
Lucie,—,1568e3€ ,20240229,excellent rapport qualité/prix
Camille,33,245l 000 yens,18-01-2024 00h00,mauvaise qualité
Romain,24,3077 couronnes,2024.20.01,commande incomplète
Ethan,42,l52l  €,vers 22-03-2024,vendeur sympa
Inès,67,1266€,2024.11.02,aucun souci
Anaïs,120,4891e3 yens,2024-04-28 00:00:00,RAS
Myriam,87,"1345, USD",2024/02/07,service à revoir
Raphaël,vieux,"4606, couronnes",2024.10.01,CATASTROPHIQUE
Vincent,35,2626e3 dollars,22-03-2024,TRÈS BON
Nicolas,49,"3009,¥",09-01-2024,service impeccable
Noémie,41,"1946,$",2024-02-27 00:00:00,RAS
Baptiste,?,3865  yens,06/01/24,<b>Correct</b>
Vincent,34,4925.₽,02/13/24,service client top
Vincent,35 ans,l385 000₽,05 April 2024,client satisfait
Eva,46,3062 dollars,23/04/2024,Super accueil
Emmanuelle,46,2787  euros,ll-ll-llll llhll,correct
Raphaël,37,4962 pesos,16/02/24,FONCTIONNE PAS
Camille,33,245l 000 yens,18-01-2024 00h00,mauvaise qualité
Jules,45,"3441,",2024-03-20 00:00:00,Excellent!!!
Antoine,27,4056  CAD,mars 18 2024,Bon   service
Mélanie,,2878e3€,2024/02,Bon SAV
Fatou,NaN,2716 ₣,2024/02/07,à recommander
Delphine,19,241O ₹,28 Feb 2024,<b>Correct</b>
Sandrine,74,1763e3£,2024.01.10,super produit
Léo,84,4l55 €,2024-03-26 00:00:00,support réactif
Sarah,47,1923 ¥,OO/OO/OOOO,client satisfait
Manon,63,1739. USD,20240215,RETOUR EN ATTENTE
Mickaël,pas dit,2526. dollars,vers 28-03-2024,excellent rapport qualité/prix
Camille,vingt-cinq,l075 000 CAD,2024-04-13T00:00:00Z,superbe expérience
Clémentine,40,"l444,¥",27 February 2024,top produit
Jacques,aucun,2148 € ,03/03/24,mauvais
Julien,56,3347 000 euros,mars 02 2024,bonne qualité
Cécile,120,2438  USD,mars 19 2024,sous réserve
Clémentine,63,3855 000 CAD,mars 14 2024,problème technique
Marc,NULL,4497 €,28 February 2024,PRIX CORRECT
Thomas,88,2803 $,13/03/2024,<b>Très</b> satisfait!!!
Marc,35 ans,2288 € ,2024.04.04,je recommande
Lucas,32,4464e3 €,09 January 2024,JE RECOMMANDE
Maëva,86,3O84 CAD,"January 27, 2024",satisfait
Juliette,18,3996. CHF,2024/01,paiement refusé
Béatrice,vingt-cinq,l555e3₽,2024.03.11,bonne qualité
Élodie,45,l255e3¥,15 March 2024,très lent
Pierre,28,3040 €,26 Feb 2024,service impeccable
Mathis,adulte,"23l2, yens",2024-04-21,RAS merci
Manon,84,4562₹,23/02/2024,nul
Sylvie,84,1658e3 couronnes,"April 23, 2024",site lent
Yohan,55,2l33 000 CHF,mars 20 2024,correct
Nathan,18,4543  ₣,vers 21-01-2024,moyen
Laura,vingt-cinq,23OO.₽,04/13/24,taille conforme
Fatou,61,2283  couronnes,OOOO-OO-OO OO:OO:OO,retard colis
Sarah,59,4949e3₽,02/05/24,temps d’attente trop long
Inès,77,"4094, CHF",le 22 March 2024,n’a pas fonctionné
Chloé,17,4814 000€ ,26-03-2024,client satisfait
Alice,aucun,3487 £,2024.03.17,je recommande
Noémie,41,"1946,$",2024-02-27 00:00:00,RAS
Timéo, ,3229 000€,le 16 March 2024,RETOUR EN ATTENTE
Mathis,120,2O76 ₹,"February 26, 2024",prix correct
Vincent,20,2405. pesos,vers 24-02-2024,erreur de commande
Romain,22,l855. ₣,vers 01-01-2024,EMBALLAGE ABÎMÉ
Lina,78,252l dollars,jour 12 mois 04 an 2024,très satisfait
Pascal,20,343Oe3 yens,vers 27-02-2024,très bon accueil
Nathan,45,"4498,€ ",04 February 2024,RAS
Anaïs,pas dit,3545. couronnes,2024-04-11 00:00:00,EMBALLAGE ABÎMÉ
Paul,—,256O$,2024/03,A REVOIR
Élodie,trente,367l. couronnes,2024.02.25,A EVITER
Marine,vieux,33O2. $,OOOO/OO/OO,support réactif
Patricia,35,3903  $,2024-04-30T00:00:00Z,Tres  bon
Maxime,pas dit,4126  $,21/01/2024,TEMPS D’ATTENTE TROP LONG
Sophie,66,"4598, CAD","February 25, 2024",correct
Delphine,75,4118 ,2024.07.03,RETOUR SIMPLE
Élodie,33,4837e3₹,07 Jan 2024,service réactif
Romain,78,2820 USD,16/04/2024,bon contact
Lucas,22,2725 €,2024.11.02,client fidèle
Fatou,34,"3556, €",22-02-2024 00h00,A EVITER
Denis,0,3754  yens,2024/03/15,BON CONTACT
Juliette,47,"4644,₹",OOOO.OO.OO,client satisfait
Zoé,65,2305 000 ₣,2024-02-20 00:00:00,paiement refusé
Amélie,62,3085 €,mars 25 2024,Produit conforme
Aurélien,19,2630e3 $,ll-ll-llll,PRODUIT CONFORME
Hervé,donnée manquante,"3805,₽",vers 25-04-2024,NON CONFORME
Louna,,"1360, CAD",03/05/24,commande annulée
Léo,vieux,3929e3 ₣,01/01/24,Super accueil
Eva,36,1631e3 CAD,23-03-2024 00h00,peut mieux faire
Adam,66,4446 000¥,2024.01.06,site peu clair
Nicolas,33,4367  yens,"April 03, 2024",TRÈS SATISFAIT
François,23,2268.,2024-01-17,top produit
Delphine,24,3683,2024/01,temps d’attente trop long
Léa,35,l749.€ ,25/03/24,aucun souci
Didier,85,1899.€,2024/01/12,superbe expérience
Aurélien,NULL,"3151,¥",OO/OO/OO,non conforme
Zoé,34,27O5 000 yens,OOOO-OO-OO OO:OO:OO,retard colis
Sandrine,57,4793 euros,11/01/24,—
Patricia,31,233l. dollars,20240308,<b>Correct</b>
Camille,24,3783 000£,2024.16.03,moyen
Ethan,27,161O ₹,vers 06-03-2024,mauvaise qualité
Olivier,NULL,3331 000 CHF,2024.03.28,très bon
Camille,24,4529.₹,2024-02-26T00:00:00Z,SERVICE RÉACTIF
Inès,67,1266€,2024.11.02,aucun souci
Pierre,20,2656e3₹,le 23 April 2024,manque d’amabilité
Mélanie,80,"l328, dollars","April 15, 2024",commande incomplète
Eva,?,"4777,€ ",mars 21 2024,excellent rapport qualité/prix
Louna,32,2666 ₽,OOOO/OO,service impeccable
Emmanuelle,70,"2982, $",30-03-2024 00h00,Tres  bon
Élodie,33,4837e3₹,07 Jan 2024,service réactif
Jules,61,l990 000£,2024.04.04,<i>Parfait</i>!!!
Christophe,44,"4801, $",29 February 2024,Produit conforme
Coralie,68,3296.₹,25-04-2024,retard colis
Lucie,52,4913e3 euros,2024/03/15,installation facile
Juliette,63,4323 €,OO/OO/OO,à recommander
Charlie,44,"3023,£",llllllll,   
Anaïs,43,112O  dollars,2024/02,TRÈS MAUVAIS
Nicolas,84,1622. pesos,2024-04-15,parfait!
Patricia,enfant,"4871, pesos",ll April llll,retard colis
Carole,34,l396. ₣,18/03/24,nul
Marie,  ,1125.£,2024.01.06,à fuir
Anaïs,40,1484$,05/04/24,mauvais
Marie,N/A,1968e3 yens,02/03/2024,Produit conforme
Alicia,37,33l0e3 pesos,le 28 February 2024,TRÈS SATISFAIT
George,17,3182 € ,08 March 2024,emballage abîmé
Amandine,63,4119e3 USD,2024-02-10T00:00:00Z,livraison express
Juliette,78,1505 USD,25-01-2024 00h00,service impeccable
Delphine,22,3378. CHF,vers 14-01-2024,service réactif
Jean,58,167O 000 pesos,2024/02/02,—
Sarah,53,377O £,OOOO.OO.OO,très bon
Paul,84,"4480,",2024-03-08,<i>Parfait</i>!!!
Antoine,44,"3886, dollars",vers 30-04-2024,trop cher
Amandine,NaN,4042€ ,jour ll mois ll an llll,EXCELLENT
Nicolas,69,3909 000 dollars,2024-02-28 00:00:00,nickel
Sandrine,63,4656 € ,mars 18 2024,—
Lina,69,"4006, yens","January 05, 2024",expédition rapide
Carole,51,1709e3 yens,jour 31 mois 01 an 2024,TRÈS LENT
Sylvie,NULL,1999. €,01/23/24,Service moyen!
Gabriel,79,1739.£,2024/02,EXCELLENT
Sandrine,35 ans,2424  pesos,2024.04.29,VENDEUR COURTOIS
Inès,35,464O  ₣,2024.10.04,colis perdu
Gabriel,86,4672 ¥,OOOO.OO.OO,SUPER ACCUEIL
Hélène,36,23O6$,OOOO-OO-OOTOO:OO:OOZ,aucune notice
Hugo,70,4463 pesos,le 21 March 2024,service impeccable
Léo,48,4999₽,03/03/2024,bien reçu
Loïc,81,"34l4,£",2024-03-19 00:00:00,parfait état
Marine,51,2379. yens,OOOOOOOO,NULL
Bernard,15,"3OO2, couronnes",20/04/2024,A REVOIR
Vincent,47,"3492, dollars",05-03-2024 00h00,catastrophique
Sylvie,28,3857  €,OOOO/OO,TRÈS LENT
Gaspard,78,4657¥,29/03/2024,top produit
Maxime,68,1858e3 USD,20240225,problème de taille
Théo,enfant,2765 ₹,"January 14, 2024",emballage parfait
Marine,67,3223 000€,13 Mar 2024,nickel
Romain,66,1224  CHF,2024-01-18T00:00:00Z,aucun commentaire
Nathan,63,"1217, CAD",2024.01.03,très bien
Cécile,29,1258,mars 14 2024,Tres  bon
Jean,15,4085e3 USD,le 27 March 2024,LIVRAISON EXPRESS
Ambre,88,4152  CHF,mars ll llll,je recommande
Nathan,31,3274 €,"April 17, 2024",non conforme
Béatrice,,472l.¥,2024-03-25,correct
Paul,19,1382 ,08-04-2024 00h00,sympa
Camille,70,"l658, couronnes",jour 06 mois 02 an 2024,MOYEN
Ambre,120,l263e3 couronnes,04/25/24,expédition rapide
Clément,61,"l839,£",04/19/24,rien à dire
Louise,52,4396 dollars,le 03 March 2024,mauvais
Léa,43,3038  ₣,le 10 January 2024,nickel
Clara,43,3944  yens,llll.ll.ll,temps d’attente trop long
Gabriel,47,3923 000 ₣,04/02/24,Problème livraison
Coralie,adulte,3257 dollars,03-02-2024 00h00,service impeccable
François,enfant,1338€ ,"January ll, llll",PRODUIT CONFORME
Eva,—,4601e3€,03/01/24,satisfait
Maëva,18,34O5e3 CAD,vers 18-03-2024,<b>Très</b> satisfait!!!
Denis,32,3363 ₹,2024-01-17 00:00:00,Excellent!!!
Sandrine,86,1319. CHF,2024-02-09 00:00:00,vendeur courtois
Michelle,56,4934 USD,01/17/24,LIVRAISON EXPRESS
François,donnée manquante,3136¥,2024-04-07T00:00:00Z,moyen
Mathis,60,l9l4  CHF,vers 17-03-2024,LIVRAISON EXPRESS
Pascal,NaN,1478e3£,ll/ll/ll,AUCUN SOUCI
Emmanuelle,17,2255 000 euros,vers 03-01-2024,temps d’attente trop long
Sandrine,66,4039 €,09 Mar 2024,A EVITER
Fatou,17,3688e3 pesos,2024-02-04 00:00:00,commande incomplète
François,enfant,"252l, dollars",2024-01-18 00:00:00,colis perdu
Louise,43,1499 000¥,mars 30 2024,EMBALLAGE PARFAIT
Marine,64,3343e3₹,2024/02/04,PROBLÈME DE TAILLE
Maëva,51,"1185, ₣",2024-04-14,top produit
Noémie,41,2894e3,"February 09, 2024",top produit
Élodie,35 ans,"3397,€ ",jour 04 mois 04 an 2024,n’a pas fonctionné
Sophie,36,"2884, ₣",2024-01-01,retour simple
Adam,53,3041e3,20240331,NULL
Gabriel,51,4217. ₣,2024.04.15,aucune explication
Louise,78,4864.£,vers 09-03-2024,<i>Parfait</i>!!!
Nathan,82,4O19.,01/11/24,TRÈS BON ACCUEIL
Yohan,53,"3949, ₣",01/01/24,Service moyen!
Nathan,N/A,1793 £,2024/03,colis perdu
Louise,N/A,3048e3$,18 Mar 2024,remboursement reçu
Sarah,78,2666 000 yens,15/01/2024,site lent
Baptiste,83,4965₽,2024/01/04,LIVRAISON RAPIDE
Pierre,53,3l57. CAD,jour ll mois ll an llll,FONCTIONNE PAS
Denis,36,367O  dollars,mars OO OOOO,livré en retard
Eva,78,2757 000 €,2024/04,problème technique
Timéo,45,l5l5  yens,mars 12 2024,vendeur peu professionnel
Sarah,43,1571e3 yens,20240113,   
Laura,63,2587,"February 21, 2024",TRÈS BON ACCUEIL
Alicia,29,3376  euros,30 Apr 2024,PARFAIT MERCI
Alice,25,2869 000 USD,le 29 March 2024,client satisfait
Yohan,40,3OO6 € ,2024-03-21 00:00:00,Excellent!!!
Jules,65,4314.€ ,2024.23.03,service client top
Christophe,38,l639  USD,le 26 March 2024,top produit
Sophie,88,272l€ ,"March 14, 2024",RAS merci
Nathan,38,2672  euros,le 22 February 2024,rapide et efficace
Coralie,18,l286e3 €,OO-OO-OOOO OOhOO,Bon   service
Clément,  ,4743  CAD,2024.03.13,installation facile
Lucie,52,4913e3 euros,2024/03/15,installation facile
Delphine,60,3339  €,05-04-2024 00h00,MANQUE D’AMABILITÉ
Evaëlle,54,4938 000$,"January 05, 2024",   
Carole,33,1386 CAD,2024/04,site lent
Sylvie,69,29O5e3 USD,20/01/2024,mauvais
Maxime,35 ans,4885e3 dollars,01/04/24,MOYEN
Adèle,54,37ll.€,02/16/24,LIVRÉ EN RETARD
Régis,87,3747. €,"January 18, 2024",colis perdu
Nicolas,63,l6l3.¥,vers 26-04-2024,SERVICE RÉACTIF
Manon,cinquante,1405e3₽,OO/OO/OOOO,Problème livraison
Arthur,47,1228  pesos,19 Jan 2024,<b>Correct</b>
Lina,34,1785  $,10 February 2024,aucune explication
Océane,39,2529e3 dollars,2024/03,erreur de commande
Alice,58,2O2l 000 USD,16/04/24,Bon   service
