Nom,Âge,Revenu,Date_inscription,Commentaire
Catherine,1970-01-01 00:00:00.000000068,4567.0,jour 02 mois 03 an 2024,Tres satisfait!!!
Lea,1970-01-01 00:00:00.000000067,1268.0,2024-04-17,bonne qualite
Louna,1970-01-01 00:00:00.000000031,4894.0,mars 07 2024,sous reserve
Clara,1970-01-01 00:00:00.000000015,36O3 CHF,27 Feb 2024,impossible de joindre le SAV
Marc,1970-01-01 00:00:00.000000063,"3391, dollars",2024-03-28,mauvais
Juliette,1970-01-01 00:00:00.000000120,3722000.0,2024-02-10,Probleme livraison
Leo,1970-01-01 00:00:00.000000064,3655000.0,2024-02-13,aucun commentaire
Lea,1970-01-01 00:00:00.000000063,2264 pesos,22/03/24,catastrophique
Elodie,1970-01-01 00:00:00.000000080,4736.0,vers 07-04-2024,JUSTE PARFAIT
Clement,1970-01-01 00:00:00.000000086,lO98,2024/02/04,bon contact
Louise,1970-01-01 00:00:00.000000042,4989 euros,2024-04-04 00:00:00,vendeur courtois
Lea,1970-01-01 00:00:00.000000048,4215000.0,20240323.0,paiement refuse
Alice,1970-01-01 00:00:00.000000053,4322.0,2024/03,probleme technique
Didier,1970-01-01 00:00:00.000000063,25l9 CHF,ll-ll-llll llhll,fonctionne pas
Clara,1970-01-01 00:00:00.000000088,3228 CAD,2024-01-12 00:00:00,PARFAIT MERCI
Gaspard,1970-01-01 00:00:00.000000057,3574 000 pesos,25 February 2024,site lent
Adele,1970-01-01 00:00:00.000000063,231Oe3,17/02/2024,rapide et efficace
Jean,1970-01-01 00:00:00.000000015,4085e3 USD,le 27 March 2024,LIVRAISON EXPRESS
Didier,1970-01-01 00:00:00.000000063,45OO,2024-02-04,juste parfait
Mathis,1970-01-01 00:00:00.000000077,l332e3,le 01 March 2024,A EVITER
Marine,1970-01-01 00:00:00.000000046,"3639, CAD","February 25, 2024",Super accueil
Nathan,1970-01-01 00:00:00.000000028,4366000.0,28 March 2024,Bon service
Sebastien,1970-01-01 00:00:00.000000077,3Oll,2024-03-19,tres lent
Geraldine,1970-01-01 00:00:00.000000072,3649 000 couronnes,2024.16.01,TROP CHER
Jacques,1970-01-01 00:00:00.000000053,347O.,llll/ll,Tres bon
Noemie,1970-01-01 00:00:00.000000017,458O 000,2024/04,non conforme
Bernard,1970-01-01 00:00:00.000000071,3776.0,03-02-2024 00h00,a fuir
Timeo,1970-01-01 00:00:00.000000055,3379 000 pesos,04/02/24,Tres satisfait!!!
Baptiste,1970-01-01 00:00:00.000000043,2832000.0,2024-02-11,vendeur sympa
Lina,1970-01-01 00:00:00.000000084,4294. CAD,27/01/24,je recommande
Coralie,1970-01-01 00:00:00.000000089,4449 euros,"January 01, 2024",superbe experience
Cecile,1970-01-01 00:00:00.000000047,l945.,08/02/2024,top produit
Raphael,1970-01-01 00:00:00.000000046,4353 CAD,OOOOOOOO,bon contact
Geraldine,1970-01-01 00:00:00.000000065,3931.0,"February ll, llll",service client top
Pascal,1970-01-01 00:00:00.000000063,2866.0,2024/01,aucun commentaire
Adam,1970-01-01 00:00:00.000000066,3273e3 euros,2024.01.04,
Marc,1970-01-01 00:00:00.000000049,2llle3,"February 29, 2024",
Jean,1970-01-01 00:00:00.000000063,2107.0,2024-01-10T00:00:00Z,emballage abime
Jean,1970-01-01 00:00:00.000000063,2279 USD,2024.18.02,manque damabilite
Didier,1970-01-01 00:00:00.000000079,355l USD,2024.04.22,RETARD COLIS
Christophe,1970-01-01 00:00:00.000000082,"4646, couronnes",20240420.0,aucune notice
Anais,1970-01-01 00:00:00.000000044,2336.0,12 Apr 2024,expedition rapide
Lina,1970-01-01 00:00:00.000000081,492O dollars,vers 29-01-2024,SATISFAIT
Eva,1970-01-01 00:00:00.000000046,3062 dollars,23/04/2024,Super accueil
Antoine,1970-01-01 00:00:00.000000033,455Oe3,vers OO-OO-OOOO,fonctionne pas
Anais,1970-01-01 00:00:00.000000049,l585,jour 07 mois 03 an 2024,colis perdu
Cecile,1970-01-01 00:00:00.000000047,"1O3O,",2024-02-22 00:00:00,Excellent!!!
Carole,1970-01-01 00:00:00.000000021,2283 000 CHF,vers 13-03-2024,produit endommage
Geraldine,1970-01-01 00:00:00.000000044,"l759, pesos",2024-03-04,livraison rapide
Oceane,1970-01-01 00:00:00.000000063,1276.0,2024/04,rapide et efficace
Alexandre,1970-01-01 00:00:00.000000062,3O97,mars 08 2024,retour simple
Jacques,1970-01-01 00:00:00.000000050,4153.0,jour 12 mois 01 an 2024,colis perdu
Zoe,1970-01-01 00:00:00.000000068,1803 CHF,2024.03.02,vendeur peu professionnel
Pierre,1970-01-01 00:00:00.000000064,2086.0,02/04/24,Excellent!!!
Clement,1970-01-01 00:00:00.000000029,l863,"February 12, 2024",tres lent
Francois,1970-01-01 00:00:00.000000063,4562000.0,2024/03/24,paiement refuse
Paul,1970-01-01 00:00:00.000000088,3070000.0,02 Jan 2024,aucune explication
Romain,1970-01-01 00:00:00.000000078,2820 USD,16/04/2024,bon contact
Fatou,1970-01-01 00:00:00.000000032,2783.0,llll-ll-llTll:ll:llZ,emballage parfait
Gregoire,1970-01-01 00:00:00.000000000,4l75.,OO/OO/OOOO,Probleme livraison
Maeva,1970-01-01 00:00:00.000000080,3858000.0,11-04-2024,
Nicolas,1970-01-01 00:00:00.000000063,2052.0,llll-ll-ll ll:ll:ll,service a revoir
Yasmine,1970-01-01 00:00:00.000000025,3793000.0,2024-04-24 00:00:00,manque damabilite
Amandine,1970-01-01 00:00:00.000000057,2070.0,le 09 February 2024,tres bon accueil
Yohan,1970-01-01 00:00:00.000000063,4571.0,15-04-2024,
Jean,1970-01-01 00:00:00.000000018,3297 USD,jour 04 mois 03 an 2024,excellent rapport qualite/prix
Theo,1970-01-01 00:00:00.000000084,2663000.0,28/04/2024,non conforme
Patricia,1970-01-01 00:00:00.000000044,3056.0,01/02/24,site lent
Evaelle,1970-01-01 00:00:00.000000073,2536 euros,20240129.0,retard colis
Yann,1970-01-01 00:00:00.000000060,2890 000 CAD,16/01/2024,trop cher
Gaspard,1970-01-01 00:00:00.000000037,2633.0,2024-03-04 00:00:00,
Alexandre,1970-01-01 00:00:00.000000063,"3347, pesos",2024-03-09,JUSTE PARFAIT
Michelle,1970-01-01 00:00:00.000000084,4857 euros,04/02/2024,bonne qualite
Arthur,1970-01-01 00:00:00.000000079,1379 yens,21-04-2024 00h00,EXCELLENT
Sandrine,1970-01-01 00:00:00.000000082,3344 euros,15-03-2024,satisfait
Manon,1970-01-01 00:00:00.000000043,12O9 000 dollars,llll-ll-ll ll:ll:ll,SITE PEU CLAIR
Clara,1970-01-01 00:00:00.000000038,2846. USD,2024/01/09,vendeur sympa
Juliette,1970-01-01 00:00:00.000000066,4448 USD,2024/02,RAS merci
Ines,1970-01-01 00:00:00.000000000,2532000.0,01 Apr 2024,commande incomplete
Olivier,1970-01-01 00:00:00.000000028,3687 000 CAD,16 Feb 2024,moyen
Eric,1970-01-01 00:00:00.000000042,2365 USD,vers ll-ll-llll,NUL
Eva,1970-01-01 00:00:00.000000063,4830000.0,11/03/2024,rien a dire
Aurelien,1970-01-01 00:00:00.000000041,2195.0,03/21/24,parfait merci
Stephane,1970-01-01 00:00:00.000000063,1918000.0,2024.04.11,Service moyen!
Maxime,1970-01-01 00:00:00.000000058,4663.0,2024-02-10T00:00:00Z,commande annulee
Didier,1970-01-01 00:00:00.000000075,45OO 000,08/04/24,CLIENT SATISFAIT
Louise,1970-01-01 00:00:00.000000063,4592. USD,jour 16 mois 01 an 2024,probleme de taille
Oceane,1970-01-01 00:00:00.000000025,246l pesos,05 Mar 2024,manque damabilite
Nicolas,1970-01-01 00:00:00.000000063,2l49. CHF,2024-02-06T00:00:00Z,fonctionne parfaitement
Noemie,1970-01-01 00:00:00.000000063,2251000.0,13-02-2024,livraison rapide
Michelle,1970-01-01 00:00:00.000000058,2395000.0,01/01/24,je recommande
George,1970-01-01 00:00:00.000000071,1191000.0,"March 27, 2024",erreur de commande
Clementine,1970-01-01 00:00:00.000000032,2408 CHF,vers 09-03-2024,parfait merci
Ambre,1970-01-01 00:00:00.000000062,4702e3 CAD,2024-04-29T00:00:00Z,Excellent!!!
Jacques,1970-01-01 00:00:00.000000045,1792 euros,05-03-2024,parfait etat
Thomas,1970-01-01 00:00:00.000000021,3418.0,30-01-2024,NON CONFORME
Herve,1970-01-01 00:00:00.000000042,1945 CHF,llll.ll.ll,fonctionne pas
Gabriel,1970-01-01 00:00:00.000000062,ll85e3 yens,vers ll-ll-llll,Bon service
Louis,1970-01-01 00:00:00.000000074,41O7 000,26/04/2024,correct
Carole,1970-01-01 00:00:00.000000063,l473 $,jour 05 mois 03 an 2024,a fuir
Amelie,1970-01-01 00:00:00.000000061,1980 CAD,2024-02-25 00:00:00,excellent rapport qualite/prix
Yann,1970-01-01 00:00:00.000000047,l335 dollars,2024-04-23,PARFAIT!!!
Anais,1970-01-01 00:00:00.000000063,3433000.0,jour 04 mois 04 an 2024,Super accueil
Emmanuelle,1970-01-01 00:00:00.000000063,l735. yens,2024-01-31 00:00:00,client satisfait
Zoe,1970-01-01 00:00:00.000000044,2605.0,mars 17 2024,super produit
Geraldine,1970-01-01 00:00:00.000000048,l72O,02 Mar 2024,A REVOIR
Dominique,1970-01-01 00:00:00.000000057,4068. CAD,2024-03-16T00:00:00Z,service a revoir
Souleymane,1970-01-01 00:00:00.000000026,"3773, couronnes",27 Feb 2024,Correct
Beatrice,1970-01-01 00:00:00.000000019,34l8 000,2024-02-01,prix correct
Marie,1970-01-01 00:00:00.000000021,4467 dollars,20240408.0,site peu clair
Arthur,1970-01-01 00:00:00.000000060,"4156, CHF",2024.03.29,aucun souci
Vincent,1970-01-01 00:00:00.000000019,42O2e3 CAD,"March 06, 2024",TROP CHER
Olivier,1970-01-01 00:00:00.000000062,3193.0,23 Feb 2024,tres mauvais
Denis,1970-01-01 00:00:00.000000051,2816000.0,jour 08 mois 01 an 2024,SERVICE REACTIF
Marie,1970-01-01 00:00:00.000000063,1993.0,04-01-2024,TRES LENT
Manon,1970-01-01 00:00:00.000000075,3652000.0,le 31 January 2024,super produit
Denis,1970-01-01 00:00:00.000000020,1462.0,llllllll,SERVICE IMPECCABLE
Lea,1970-01-01 00:00:00.000000025,2628000.0,jour 03 mois 04 an 2024,EXCELLENT
Sophie,1970-01-01 00:00:00.000000074,"l533, dollars",04/08/24,probleme technique
Clara,1970-01-01 00:00:00.000000015,1891 couronnes,ll Mar llll,support reactif
Corinne,1970-01-01 00:00:00.000000034,22ll 000 USD,"April OO, OOOO",expedition rapide
Amandine,1970-01-01 00:00:00.000000057,2583.0,2024-03-29T00:00:00Z,satisfait
Mathis,1970-01-01 00:00:00.000000120,l66l euros,04/06/24,paiement refuse
Patricia,1970-01-01 00:00:00.000000030,3014000.0,2024-02-12T00:00:00Z,AUCUN COMMENTAIRE
George,1970-01-01 00:00:00.000000037,3OO9 couronnes,2024/01,bonne qualite
Aurelien,1970-01-01 00:00:00.000000049,3835.0,2024/04,site peu clair
Michelle,1970-01-01 00:00:00.000000063,l9l7 euros,23/03/24,peut mieux faire
Sarah,1970-01-01 00:00:00.000000053,377O,OOOO.OO.OO,tres bon
Lea,1970-01-01 00:00:00.000000086,2816 euros,21 February 2024,vendeur sympa
Noemie,1970-01-01 00:00:00.000000063,125O dollars,OO-OO-OOOO OOhOO,trop cher
Jean,1970-01-01 00:00:00.000000074,4254000.0,2024-03-24,PRIX CORRECT
Aurelien,1970-01-01 00:00:00.000000028,4885.0,2024.01.19,Tres bon
Leo,1970-01-01 00:00:00.000000062,2818 USD,2024.13.04,erreur de commande
Jules,1970-01-01 00:00:00.000000063,3837000.0,mars 28 2024,taille conforme
Helene,1970-01-01 00:00:00.000000039,3236e3 couronnes,12-03-2024 00h00,Bon SAV
Oceane,1970-01-01 00:00:00.000000049,3515 000 couronnes,2024-03-17,aucune notice
Thomas,1970-01-01 00:00:00.000000034,l678 000 USD,25-02-2024 00h00,catastrophique
Sarah,1970-01-01 00:00:00.000000019,4645.0,2024/01,mauvais
Alexandre,1970-01-01 00:00:00.000000044,2010 000 dollars,2024.01.03,manque damabilite
Patricia,1970-01-01 00:00:00.000000081,3633.0,20240204.0,rien a dire
Gregoire,1970-01-01 00:00:00.000000024,"3735, USD","March 14, 2024",prix correct
Didier,1970-01-01 00:00:00.000000064,3734. USD,27 April 2024,vendeur courtois
Gregoire,1970-01-01 00:00:00.000000031,4648 pesos,OOOO-OO-OOTOO:OO:OOZ,aucune notice
Juliette,1970-01-01 00:00:00.000000017,33O2.,2024.01.23,sympa
Romain,1970-01-01 00:00:00.000000028,2l5le3 euros,2024/03/18,aucun commentaire
Julien,1970-01-01 00:00:00.000000079,3776. CHF,ll/ll/ll,nickel
Aurelien,1970-01-01 00:00:00.000000063,2965. CHF,jour 03 mois 01 an 2024,SOUS RESERVE
Lina,1970-01-01 00:00:00.000000016,4027. CHF,18-03-2024,vendeur courtois
Alice,1970-01-01 00:00:00.000000018,3432.0,"April 20, 2024",catastrophique
Adele,1970-01-01 00:00:00.000000063,"4044, CAD",12 Feb 2024,emballage abime
Evaelle,1970-01-01 00:00:00.000000066,2235 euros,2024-03-19,tres bon accueil
Patricia,1970-01-01 00:00:00.000000063,3716e3 couronnes,16 Jan 2024,PRODUIT CONFORME
Stephane,1970-01-01 00:00:00.000000063,l87le3 CAD,2024-02-08,rien a dire
Yann,1970-01-01 00:00:00.000000063,3950.0,17/02/2024,service impeccable
Patricia,1970-01-01 00:00:00.000000048,2562000.0,11/04/24,A EVITER
Chloe,1970-01-01 00:00:00.000000072,28lO.,OOOO.OO.OO,
Lea,1970-01-01 00:00:00.000000089,"l852,",2024-01-27T00:00:00Z,
Timeo,1970-01-01 00:00:00.000000063,l088 000,28-04-2024,retour en attente
Yohan,1970-01-01 00:00:00.000000076,4357.0,le 20 March 2024,retour en attente
Stephane,1970-01-01 00:00:00.000000025,1030 dollars,2024.23.04,support reactif
Timeo,1970-01-01 00:00:00.000000063,"l472,",2024-01-06T00:00:00Z,aucune notice
Gregoire,1970-01-01 00:00:00.000000053,4014.0,02-03-2024,non conforme
Laura,1970-01-01 00:00:00.000000081,4767.0,"January ll, llll",satisfait
Oceane,1970-01-01 00:00:00.000000063,"2294, yens",31/01/24,retour en attente
Nathan,1970-01-01 00:00:00.000000032,4058e3 couronnes,25-03-2024,
Loic,1970-01-01 00:00:00.000000071,2290.0,2024.04.08,RAS MERCI
Louis,1970-01-01 00:00:00.000000063,2638 couronnes,le 08 January 2024,nan
Vincent,1970-01-01 00:00:00.000000063,"4455, yens",04/09/24,MAUVAISE QUALITE
Paul,1970-01-01 00:00:00.000000033,3379 euros,2024-02-15T00:00:00Z,parfait etat
Didier,1970-01-01 00:00:00.000000085,1899.0,2024/01/12,superbe experience
Souleymane,1970-01-01 00:00:00.000000033,2310.0,"February 19, 2024",retour simple
Ambre,1970-01-01 00:00:00.000000063,l765,2024/01,probleme technique
Ambre,1970-01-01 00:00:00.000000063,l586 dollars,OOOO-OO-OOTOO:OO:OOZ,retour simple
Yohan,1970-01-01 00:00:00.000000040,3OO6,2024-03-21 00:00:00,Excellent!!!
Romain,1970-01-01 00:00:00.000000057,2468.0,11-04-2024,paiement refuse
Clementine,1970-01-01 00:00:00.000000017,l286e3,22/04/24,produit endommage
George,1970-01-01 00:00:00.000000087,4250000.0,2024-03-27,emballage sale
Clement,1970-01-01 00:00:00.000000069,2ll7 dollars,2024.20.04,A REVOIR
Stephane,1970-01-01 00:00:00.000000076,2756.0,2024/04/09,emballage parfait
Cecile,1970-01-01 00:00:00.000000051,2553 yens,10 February 2024,A EVITER
Amelie,1970-01-01 00:00:00.000000058,3942.0,06/01/2024,MAUVAIS
Patricia,1970-01-01 00:00:00.000000063,l707e3,OO March OOOO,rien a dire
Catherine,1970-01-01 00:00:00.000000084,3718. yens,2024.02.28,manque damabilite
Coralie,1970-01-01 00:00:00.000000050,2554000.0,2024/01,correct
Eva,1970-01-01 00:00:00.000000080,l875.,2024.25.04,rapide et efficace
Pierre,1970-01-01 00:00:00.000000068,1550.0,18 February 2024,erreur de commande
Melanie,1970-01-01 00:00:00.000000043,3l62 000$,06 Feb 2024,site peu clair
Eric,1970-01-01 00:00:00.000000061,3882.0,2024/02,service client top
Nicolas,1970-01-01 00:00:00.000000033,3979.0,mars 24 2024,produit endommage
Maeva,1970-01-01 00:00:00.000000020,l57O,2024/04/13,mauvaise qualite
Sophie,1970-01-01 00:00:00.000000063,2210.0,01/08/24,RAPIDE ET EFFICACE
Eva,1970-01-01 00:00:00.000000069,4934 pesos,vers 22-02-2024,livraison rapide
Juliette,1970-01-01 00:00:00.000000063,23O5 000 euros,25-03-2024 00h00,super produit
Eva,1970-01-01 00:00:00.000000049,"l974,",20240121.0,client fidele
Fatou,1970-01-01 00:00:00.000000066,4568000.0,02/01/2024,service client top
Carole,1970-01-01 00:00:00.000000048,3464.0,"February 02, 2024",FONCTIONNE PARFAITEMENT
Sandrine,1970-01-01 00:00:00.000000018,3999 000 CHF,2024.05.03,temps dattente trop long
Cecile,1970-01-01 00:00:00.000000063,1556.0,26-03-2024,Produit conforme
Lucas,1970-01-01 00:00:00.000000023,"lO69, CHF",2024.29.02,SERVICE REACTIF
Lucas,1970-01-01 00:00:00.000000038,2372.0,20/03/24,Excellent!!!
Sandrine,1970-01-01 00:00:00.000000045,"4637, couronnes",2024.25.02,excellent rapport qualite/prix
Aurelien,1970-01-01 00:00:00.000000063,1921 USD,ll-ll-llll,vendeur sympa
Mathis,1970-01-01 00:00:00.000000053,l259,jour 03 mois 03 an 2024,Super accueil
Beatrice,1970-01-01 00:00:00.000000086,4816.0,30-03-2024,vendeur peu professionnel
Clementine,1970-01-01 00:00:00.000000063,l376,OO Jan OOOO,SERVICE A REVOIR
Marine,1970-01-01 00:00:00.000000063,33O2. $,OOOO/OO/OO,support reactif
Ambre,1970-01-01 00:00:00.000000063,lOll,2024-02-24T00:00:00Z,FONCTIONNE PARFAITEMENT
Sylvie,1970-01-01 00:00:00.000000016,45O8,2024/02/01,aucun commentaire
Lina,1970-01-01 00:00:00.000000036,3858.0,03/25/24,Super accueil
Pierre,1970-01-01 00:00:00.000000042,3940.0,OOOO/OO/OO,livraison rapide
Yohan,1970-01-01 00:00:00.000000045,243l euros,le ll March llll,SOUS RESERVE
Lina,1970-01-01 00:00:00.000000063,ll0l 000 yens,2024-02-14T00:00:00Z,colis perdu
Patricia,1970-01-01 00:00:00.000000063,l687 000,29/03/2024,sympa
Gabriel,1970-01-01 00:00:00.000000030,4836.0,ll-ll-llll,rien a dire
Clement,1970-01-01 00:00:00.000000019,"2332, euros",09-03-2024,probleme de taille
Marine,1970-01-01 00:00:00.000000051,2379. yens,OOOOOOOO,nan
Maxime,1970-01-01 00:00:00.000000000,4597e3 pesos,le 21 March 2024,superbe experience
Regis,1970-01-01 00:00:00.000000048,"l278,",2024/03,aucun souci
Beatrice,1970-01-01 00:00:00.000000063,l555e3,2024.03.11,bonne qualite
Ines,1970-01-01 00:00:00.000000063,3928.0,2024/04/20,moyen
Jacques,1970-01-01 00:00:00.000000085,1926.0,18 Apr 2024,RIEN A DIRE
Clara,1970-01-01 00:00:00.000000045,ll62e3 pesos,"January 24, 2024",peut mieux faire
Beatrice,1970-01-01 00:00:00.000000029,lO63 000,2024-02-09,Tres satisfait!!!
Geraldine,1970-01-01 00:00:00.000000053,"3997, CAD",jour 09 mois 03 an 2024,PARFAIT ETAT
George,1970-01-01 00:00:00.000000050,476l. pesos,2024-02-13 00:00:00,nul
Marc,1970-01-01 00:00:00.000000057,3O38 yens,06 April 2024,A REVOIR
Louis,1970-01-01 00:00:00.000000045,2l60 couronnes,2024.02.01,site lent
Herve,1970-01-01 00:00:00.000000061,2820 dollars,2024/03,mauvaise qualite
Loic,1970-01-01 00:00:00.000000046,"43l3, euros",08 February 2024,PRODUIT CONFORME
Timeo,1970-01-01 00:00:00.000000081,3686000.0,2024/03/24,A REVOIR
Alicia,1970-01-01 00:00:00.000000063,25l7. USD,mars 01 2024,nickel
Noemie,1970-01-01 00:00:00.000000063,3215000.0,2024-04-16,MAUVAISE QUALITE
Gregoire,1970-01-01 00:00:00.000000059,407l$,vers 11-03-2024,je recommande
George,1970-01-01 00:00:00.000000083,"ll69,",23/01/24,produit endommage
Gaspard,1970-01-01 00:00:00.000000063,"3249, pesos",2024-04-26T00:00:00Z,Produit conforme
Yann,1970-01-01 00:00:00.000000063,l497. couronnes,20240427.0,LIVRAISON RAPIDE
Beatrice,1970-01-01 00:00:00.000000023,l966 000$,03/20/24,retour en attente
Hugo,1970-01-01 00:00:00.000000022,44O5. CAD,vers OO-OO-OOOO,service reactif
Amelie,1970-01-01 00:00:00.000000063,4889 000 CAD,2024-04-28T00:00:00Z,livre en retard
Raphael,1970-01-01 00:00:00.000000087,2638000.0,2024/03/23,probleme de taille
Chloe,1970-01-01 00:00:00.000000066,348le3,2024-01-11T00:00:00Z,SERVICE A REVOIR
Clement,1970-01-01 00:00:00.000000017,4586.0,2024-04-21 00:00:00,Produit conforme
Adele,1970-01-01 00:00:00.000000063,"3446, CHF",03/23/24,juste parfait
Louis,1970-01-01 00:00:00.000000054,1809 pesos,2024-03-10T00:00:00Z,manque damabilite
Theo,1970-01-01 00:00:00.000000020,43O9 CHF,20240201.0,nul
Beatrice,1970-01-01 00:00:00.000000026,4721000.0,le 22 February 2024,sympa
Adele,1970-01-01 00:00:00.000000082,3597.0,04/21/24,probleme de taille
Leo,1970-01-01 00:00:00.000000020,4056.0,28-04-2024 00h00,Probleme livraison
Sandrine,1970-01-01 00:00:00.000000020,4935.0,2024-02-22,livraison express
Olivier,1970-01-01 00:00:00.000000067,3O79.,2024-01-27 00:00:00,client satisfait
Amelie,1970-01-01 00:00:00.000000041,47OO,01/02/2024,tres bon
Mickael,1970-01-01 00:00:00.000000018,2479.0,vers 16-01-2024,service a revoir
Emmanuelle,1970-01-01 00:00:00.000000063,4956 pesos,20240314.0,INSTALLATION FACILE
Chloe,1970-01-01 00:00:00.000000023,"2O35,","January 15, 2024",
Evaelle,1970-01-01 00:00:00.000000075,2l78,2024-03-31 00:00:00,a recommander
George,1970-01-01 00:00:00.000000059,3052000.0,2024.03.10,Super accueil
Vincent,1970-01-01 00:00:00.000000029,l9ll. CAD,14 March 2024,nickel
Marie,1970-01-01 00:00:00.000000021,37l4,llll.ll.ll,produit endommage
Maxime,1970-01-01 00:00:00.000000063,4138.0,26 February 2024,PROBLEME DE TAILLE
Herve,1970-01-01 00:00:00.000000068,2648000.0,ll/ll/llll,fonctionne pas
Souleymane,1970-01-01 00:00:00.000000051,3357.0,20240407.0,sympa
Lea,1970-01-01 00:00:00.000000063,2431 euros,jour 28 mois 02 an 2024,tres bien
Bob,1970-01-01 00:00:00.000000017,4016.0,mars 24 2024,produit endommage
Sylvie,1970-01-01 00:00:00.000000089,2584. dollars,23/03/24,vendeur sympa
Juliette,1970-01-01 00:00:00.000000058,1597 000 CAD,2024/03/09,nickel
Lucie,1970-01-01 00:00:00.000000063,1568000.0,20240229.0,excellent rapport qualite/prix
Camille,1970-01-01 00:00:00.000000033,245l 000 yens,18-01-2024 00h00,mauvaise qualite
Romain,1970-01-01 00:00:00.000000024,3077 couronnes,2024.20.01,commande incomplete
Ethan,1970-01-01 00:00:00.000000042,l52l,vers 22-03-2024,vendeur sympa
Ines,1970-01-01 00:00:00.000000067,1266.0,2024.11.02,aucun souci
Anais,1970-01-01 00:00:00.000000120,4891e3 yens,2024-04-28 00:00:00,RAS
Myriam,1970-01-01 00:00:00.000000087,"1345, USD",2024/02/07,service a revoir
Raphael,1970-01-01 00:00:00.000000063,"4606, couronnes",2024.10.01,CATASTROPHIQUE
Vincent,1970-01-01 00:00:00.000000035,2626e3 dollars,22-03-2024,TRES BON
Nicolas,1970-01-01 00:00:00.000000049,3009.0,09-01-2024,service impeccable
Noemie,1970-01-01 00:00:00.000000041,1946.0,2024-02-27 00:00:00,RAS
Baptiste,1970-01-01 00:00:00.000000063,3865 yens,06/01/24,Correct
Vincent,1970-01-01 00:00:00.000000034,4925.0,02/13/24,service client top
Vincent,1970-01-01 00:00:00.000000063,l385 000,05 April 2024,client satisfait
Emmanuelle,1970-01-01 00:00:00.000000046,2787 euros,ll-ll-llll llhll,correct
Raphael,1970-01-01 00:00:00.000000037,4962 pesos,16/02/24,FONCTIONNE PAS
Jules,1970-01-01 00:00:00.000000045,3441.0,2024-03-20 00:00:00,Excellent!!!
Antoine,1970-01-01 00:00:00.000000027,4056 CAD,mars 18 2024,Bon service
Melanie,1970-01-01 00:00:00.000000063,2878000.0,2024/02,Bon SAV
Fatou,1970-01-01 00:00:00.000000063,2716.0,2024/02/07,a recommander
Delphine,1970-01-01 00:00:00.000000019,241O,28 Feb 2024,Correct
Sandrine,1970-01-01 00:00:00.000000074,1763000.0,2024.01.10,super produit
Leo,1970-01-01 00:00:00.000000084,4l55,2024-03-26 00:00:00,support reactif
Sarah,1970-01-01 00:00:00.000000047,1923.0,OO/OO/OOOO,client satisfait
Manon,1970-01-01 00:00:00.000000063,1739. USD,20240215.0,RETOUR EN ATTENTE
Mickael,1970-01-01 00:00:00.000000063,2526. dollars,vers 28-03-2024,excellent rapport qualite/prix
Camille,1970-01-01 00:00:00.000000063,l075 000 CAD,2024-04-13T00:00:00Z,superbe experience
Clementine,1970-01-01 00:00:00.000000040,"l444,",27 February 2024,top produit
Jacques,1970-01-01 00:00:00.000000063,2148.0,03/03/24,mauvais
Julien,1970-01-01 00:00:00.000000056,3347 000 euros,mars 02 2024,bonne qualite
Cecile,1970-01-01 00:00:00.000000120,2438 USD,mars 19 2024,sous reserve
Clementine,1970-01-01 00:00:00.000000063,3855 000 CAD,mars 14 2024,probleme technique
Marc,1970-01-01 00:00:00.000000063,4497.0,28 February 2024,PRIX CORRECT
Thomas,1970-01-01 00:00:00.000000088,2803.0,13/03/2024,Tres satisfait!!!
Marc,1970-01-01 00:00:00.000000063,2288.0,2024.04.04,je recommande
Lucas,1970-01-01 00:00:00.000000032,4464000.0,09 January 2024,JE RECOMMANDE
Maeva,1970-01-01 00:00:00.000000086,3O84 CAD,"January 27, 2024",satisfait
Juliette,1970-01-01 00:00:00.000000018,3996. CHF,2024/01,paiement refuse
Elodie,1970-01-01 00:00:00.000000045,l255e3,15 March 2024,tres lent
Pierre,1970-01-01 00:00:00.000000028,3040.0,26 Feb 2024,service impeccable
Mathis,1970-01-01 00:00:00.000000063,"23l2, yens",2024-04-21,RAS merci
Manon,1970-01-01 00:00:00.000000084,4562.0,23/02/2024,nul
Sylvie,1970-01-01 00:00:00.000000084,1658e3 couronnes,"April 23, 2024",site lent
Yohan,1970-01-01 00:00:00.000000055,2l33 000 CHF,mars 20 2024,correct
Nathan,1970-01-01 00:00:00.000000018,4543.0,vers 21-01-2024,moyen
Laura,1970-01-01 00:00:00.000000063,23OO.,04/13/24,taille conforme
Fatou,1970-01-01 00:00:00.000000061,2283 couronnes,OOOO-OO-OO OO:OO:OO,retard colis
Sarah,1970-01-01 00:00:00.000000059,4949000.0,02/05/24,temps dattente trop long
Ines,1970-01-01 00:00:00.000000077,"4094, CHF",le 22 March 2024,na pas fonctionne
Chloe,1970-01-01 00:00:00.000000017,4814000.0,26-03-2024,client satisfait
Alice,1970-01-01 00:00:00.000000063,3487.0,2024.03.17,je recommande
Timeo,1970-01-01 00:00:00.000000063,3229000.0,le 16 March 2024,RETOUR EN ATTENTE
Mathis,1970-01-01 00:00:00.000000120,2O76,"February 26, 2024",prix correct
Vincent,1970-01-01 00:00:00.000000020,2405. pesos,vers 24-02-2024,erreur de commande
Romain,1970-01-01 00:00:00.000000022,l855.,vers 01-01-2024,EMBALLAGE ABIME
Lina,1970-01-01 00:00:00.000000078,252l dollars,jour 12 mois 04 an 2024,tres satisfait
Pascal,1970-01-01 00:00:00.000000020,343Oe3 yens,vers 27-02-2024,tres bon accueil
Nathan,1970-01-01 00:00:00.000000045,4498.0,04 February 2024,RAS
Anais,1970-01-01 00:00:00.000000063,3545. couronnes,2024-04-11 00:00:00,EMBALLAGE ABIME
Paul,1970-01-01 00:00:00.000000063,256O$,2024/03,A REVOIR
Elodie,1970-01-01 00:00:00.000000063,367l. couronnes,2024.02.25,A EVITER
Patricia,1970-01-01 00:00:00.000000035,3903.0,2024-04-30T00:00:00Z,Tres bon
Maxime,1970-01-01 00:00:00.000000063,4126.0,21/01/2024,TEMPS DATTENTE TROP LONG
Sophie,1970-01-01 00:00:00.000000066,"4598, CAD","February 25, 2024",correct
Delphine,1970-01-01 00:00:00.000000075,4118.0,2024.07.03,RETOUR SIMPLE
Elodie,1970-01-01 00:00:00.000000033,4837000.0,07 Jan 2024,service reactif
Lucas,1970-01-01 00:00:00.000000022,2725.0,2024.11.02,client fidele
Fatou,1970-01-01 00:00:00.000000034,3556.0,22-02-2024 00h00,A EVITER
Denis,1970-01-01 00:00:00.000000000,3754 yens,2024/03/15,BON CONTACT
Juliette,1970-01-01 00:00:00.000000047,4644.0,OOOO.OO.OO,client satisfait
Zoe,1970-01-01 00:00:00.000000065,2305000.0,2024-02-20 00:00:00,paiement refuse
Amelie,1970-01-01 00:00:00.000000062,3085.0,mars 25 2024,Produit conforme
Aurelien,1970-01-01 00:00:00.000000019,2630000.0,ll-ll-llll,PRODUIT CONFORME
Herve,1970-01-01 00:00:00.000000063,3805.0,vers 25-04-2024,NON CONFORME
Louna,1970-01-01 00:00:00.000000063,"1360, CAD",03/05/24,commande annulee
Leo,1970-01-01 00:00:00.000000063,3929000.0,01/01/24,Super accueil
Eva,1970-01-01 00:00:00.000000036,1631e3 CAD,23-03-2024 00h00,peut mieux faire
Adam,1970-01-01 00:00:00.000000066,4446000.0,2024.01.06,site peu clair
Nicolas,1970-01-01 00:00:00.000000033,4367 yens,"April 03, 2024",TRES SATISFAIT
Francois,1970-01-01 00:00:00.000000023,2268.0,2024-01-17,top produit
Delphine,1970-01-01 00:00:00.000000024,3683.0,2024/01,temps dattente trop long
Lea,1970-01-01 00:00:00.000000035,l749.,25/03/24,aucun souci
Aurelien,1970-01-01 00:00:00.000000063,3151.0,OO/OO/OO,non conforme
Zoe,1970-01-01 00:00:00.000000034,27O5 000 yens,OOOO-OO-OO OO:OO:OO,retard colis
Sandrine,1970-01-01 00:00:00.000000057,4793 euros,11/01/24,
Patricia,1970-01-01 00:00:00.000000031,233l. dollars,20240308.0,Correct
Camille,1970-01-01 00:00:00.000000024,3783000.0,2024.16.03,moyen
Ethan,1970-01-01 00:00:00.000000027,161O,vers 06-03-2024,mauvaise qualite
Olivier,1970-01-01 00:00:00.000000063,3331 000 CHF,2024.03.28,tres bon
Camille,1970-01-01 00:00:00.000000024,4529.0,2024-02-26T00:00:00Z,SERVICE REACTIF
Pierre,1970-01-01 00:00:00.000000020,2656000.0,le 23 April 2024,manque damabilite
Melanie,1970-01-01 00:00:00.000000080,"l328, dollars","April 15, 2024",commande incomplete
Eva,1970-01-01 00:00:00.000000063,4777.0,mars 21 2024,excellent rapport qualite/prix
Louna,1970-01-01 00:00:00.000000032,2666.0,OOOO/OO,service impeccable
Emmanuelle,1970-01-01 00:00:00.000000070,2982.0,30-03-2024 00h00,Tres bon
Jules,1970-01-01 00:00:00.000000061,l990 000,2024.04.04,Parfait!!!
Christophe,1970-01-01 00:00:00.000000044,4801.0,29 February 2024,Produit conforme
Coralie,1970-01-01 00:00:00.000000068,3296.0,25-04-2024,retard colis
Lucie,1970-01-01 00:00:00.000000052,4913e3 euros,2024/03/15,installation facile
Juliette,1970-01-01 00:00:00.000000063,4323.0,OO/OO/OO,a recommander
Charlie,1970-01-01 00:00:00.000000044,3023.0,llllllll,
Anais,1970-01-01 00:00:00.000000043,112O dollars,2024/02,TRES MAUVAIS
Nicolas,1970-01-01 00:00:00.000000084,1622. pesos,2024-04-15,parfait!
Patricia,1970-01-01 00:00:00.000000063,"4871, pesos",ll April llll,retard colis
Carole,1970-01-01 00:00:00.000000034,l396.,18/03/24,nul
Marie,1970-01-01 00:00:00.000000063,1125.0,2024.01.06,a fuir
Anais,1970-01-01 00:00:00.000000040,1484.0,05/04/24,mauvais
Marie,1970-01-01 00:00:00.000000063,1968e3 yens,02/03/2024,Produit conforme
Alicia,1970-01-01 00:00:00.000000037,33l0e3 pesos,le 28 February 2024,TRES SATISFAIT
George,1970-01-01 00:00:00.000000017,3182.0,08 March 2024,emballage abime
Amandine,1970-01-01 00:00:00.000000063,4119e3 USD,2024-02-10T00:00:00Z,livraison express
Juliette,1970-01-01 00:00:00.000000078,1505 USD,25-01-2024 00h00,service impeccable
Delphine,1970-01-01 00:00:00.000000022,3378. CHF,vers 14-01-2024,service reactif
Jean,1970-01-01 00:00:00.000000058,167O 000 pesos,2024/02/02,
Paul,1970-01-01 00:00:00.000000084,4480.0,2024-03-08,Parfait!!!
Antoine,1970-01-01 00:00:00.000000044,"3886, dollars",vers 30-04-2024,trop cher
Amandine,1970-01-01 00:00:00.000000063,4042.0,jour ll mois ll an llll,EXCELLENT
Nicolas,1970-01-01 00:00:00.000000069,3909 000 dollars,2024-02-28 00:00:00,nickel
Sandrine,1970-01-01 00:00:00.000000063,4656.0,mars 18 2024,
Lina,1970-01-01 00:00:00.000000069,"4006, yens","January 05, 2024",expedition rapide
Carole,1970-01-01 00:00:00.000000051,1709e3 yens,jour 31 mois 01 an 2024,TRES LENT
Sylvie,1970-01-01 00:00:00.000000063,1999.0,01/23/24,Service moyen!
Gabriel,1970-01-01 00:00:00.000000079,1739.0,2024/02,EXCELLENT
Sandrine,1970-01-01 00:00:00.000000063,2424 pesos,2024.04.29,VENDEUR COURTOIS
Ines,1970-01-01 00:00:00.000000035,464O,2024.10.04,colis perdu
Gabriel,1970-01-01 00:00:00.000000086,4672.0,OOOO.OO.OO,SUPER ACCUEIL
Helene,1970-01-01 00:00:00.000000036,23O6$,OOOO-OO-OOTOO:OO:OOZ,aucune notice
Hugo,1970-01-01 00:00:00.000000070,4463 pesos,le 21 March 2024,service impeccable
Leo,1970-01-01 00:00:00.000000048,4999.0,03/03/2024,bien recu
Loic,1970-01-01 00:00:00.000000081,"34l4,",2024-03-19 00:00:00,parfait etat
Bernard,1970-01-01 00:00:00.000000015,"3OO2, couronnes",20/04/2024,A REVOIR
Vincent,1970-01-01 00:00:00.000000047,"3492, dollars",05-03-2024 00h00,catastrophique
Sylvie,1970-01-01 00:00:00.000000028,3857.0,OOOO/OO,TRES LENT
Gaspard,1970-01-01 00:00:00.000000078,4657.0,29/03/2024,top produit
Maxime,1970-01-01 00:00:00.000000068,1858e3 USD,20240225.0,probleme de taille
Theo,1970-01-01 00:00:00.000000063,2765.0,"January 14, 2024",emballage parfait
Marine,1970-01-01 00:00:00.000000067,3223000.0,13 Mar 2024,nickel
Romain,1970-01-01 00:00:00.000000066,1224 CHF,2024-01-18T00:00:00Z,aucun commentaire
Nathan,1970-01-01 00:00:00.000000063,"1217, CAD",2024.01.03,tres bien
Cecile,1970-01-01 00:00:00.000000029,1258.0,mars 14 2024,Tres bon
Ambre,1970-01-01 00:00:00.000000088,4152 CHF,mars ll llll,je recommande
Nathan,1970-01-01 00:00:00.000000031,3274.0,"April 17, 2024",non conforme
Beatrice,1970-01-01 00:00:00.000000063,472l.,2024-03-25,correct
Paul,1970-01-01 00:00:00.000000019,1382.0,08-04-2024 00h00,sympa
Camille,1970-01-01 00:00:00.000000070,"l658, couronnes",jour 06 mois 02 an 2024,MOYEN
Ambre,1970-01-01 00:00:00.000000120,l263e3 couronnes,04/25/24,expedition rapide
Clement,1970-01-01 00:00:00.000000061,"l839,",04/19/24,rien a dire
Louise,1970-01-01 00:00:00.000000052,4396 dollars,le 03 March 2024,mauvais
Lea,1970-01-01 00:00:00.000000043,3038.0,le 10 January 2024,nickel
Clara,1970-01-01 00:00:00.000000043,3944 yens,llll.ll.ll,temps dattente trop long
Gabriel,1970-01-01 00:00:00.000000047,3923000.0,04/02/24,Probleme livraison
Coralie,1970-01-01 00:00:00.000000063,3257 dollars,03-02-2024 00h00,service impeccable
Francois,1970-01-01 00:00:00.000000063,1338.0,"January ll, llll",PRODUIT CONFORME
Eva,1970-01-01 00:00:00.000000063,4601000.0,03/01/24,satisfait
Maeva,1970-01-01 00:00:00.000000018,34O5e3 CAD,vers 18-03-2024,Tres satisfait!!!
Denis,1970-01-01 00:00:00.000000032,3363.0,2024-01-17 00:00:00,Excellent!!!
Sandrine,1970-01-01 00:00:00.000000086,1319. CHF,2024-02-09 00:00:00,vendeur courtois
Michelle,1970-01-01 00:00:00.000000056,4934 USD,01/17/24,LIVRAISON EXPRESS
Francois,1970-01-01 00:00:00.000000063,3136.0,2024-04-07T00:00:00Z,moyen
Mathis,1970-01-01 00:00:00.000000060,l9l4 CHF,vers 17-03-2024,LIVRAISON EXPRESS
Pascal,1970-01-01 00:00:00.000000063,1478000.0,ll/ll/ll,AUCUN SOUCI
Emmanuelle,1970-01-01 00:00:00.000000017,2255 000 euros,vers 03-01-2024,temps dattente trop long
Sandrine,1970-01-01 00:00:00.000000066,4039.0,09 Mar 2024,A EVITER
Fatou,1970-01-01 00:00:00.000000017,3688e3 pesos,2024-02-04 00:00:00,commande incomplete
Francois,1970-01-01 00:00:00.000000063,"252l, dollars",2024-01-18 00:00:00,colis perdu
Louise,1970-01-01 00:00:00.000000043,1499000.0,mars 30 2024,EMBALLAGE PARFAIT
Marine,1970-01-01 00:00:00.000000064,3343000.0,2024/02/04,PROBLEME DE TAILLE
Maeva,1970-01-01 00:00:00.000000051,1185.0,2024-04-14,top produit
Noemie,1970-01-01 00:00:00.000000041,2894000.0,"February 09, 2024",top produit
Elodie,1970-01-01 00:00:00.000000063,3397.0,jour 04 mois 04 an 2024,na pas fonctionne
Sophie,1970-01-01 00:00:00.000000036,2884.0,2024-01-01,retour simple
Adam,1970-01-01 00:00:00.000000053,3041000.0,20240331.0,nan
Gabriel,1970-01-01 00:00:00.000000051,4217.0,2024.04.15,aucune explication
Louise,1970-01-01 00:00:00.000000078,4864.0,vers 09-03-2024,Parfait!!!
Nathan,1970-01-01 00:00:00.000000082,4O19.,01/11/24,TRES BON ACCUEIL
Yohan,1970-01-01 00:00:00.000000053,3949.0,01/01/24,Service moyen!
Nathan,1970-01-01 00:00:00.000000063,1793.0,2024/03,colis perdu
Louise,1970-01-01 00:00:00.000000063,3048000.0,18 Mar 2024,remboursement recu
Sarah,1970-01-01 00:00:00.000000078,2666 000 yens,15/01/2024,site lent
Baptiste,1970-01-01 00:00:00.000000083,4965.0,2024/01/04,LIVRAISON RAPIDE
Pierre,1970-01-01 00:00:00.000000053,3l57. CAD,jour ll mois ll an llll,FONCTIONNE PAS
Denis,1970-01-01 00:00:00.000000036,367O dollars,mars OO OOOO,livre en retard
Eva,1970-01-01 00:00:00.000000078,2757000.0,2024/04,probleme technique
Timeo,1970-01-01 00:00:00.000000045,l5l5 yens,mars 12 2024,vendeur peu professionnel
Sarah,1970-01-01 00:00:00.000000043,1571e3 yens,20240113.0,
Laura,1970-01-01 00:00:00.000000063,2587.0,"February 21, 2024",TRES BON ACCUEIL
Alicia,1970-01-01 00:00:00.000000029,3376 euros,30 Apr 2024,PARFAIT MERCI
Alice,1970-01-01 00:00:00.000000025,2869 000 USD,le 29 March 2024,client satisfait
Jules,1970-01-01 00:00:00.000000065,4314.0,2024.23.03,service client top
Christophe,1970-01-01 00:00:00.000000038,l639 USD,le 26 March 2024,top produit
Sophie,1970-01-01 00:00:00.000000088,272l,"March 14, 2024",RAS merci
Nathan,1970-01-01 00:00:00.000000038,2672 euros,le 22 February 2024,rapide et efficace
Coralie,1970-01-01 00:00:00.000000018,l286e3,OO-OO-OOOO OOhOO,Bon service
Clement,1970-01-01 00:00:00.000000063,4743 CAD,2024.03.13,installation facile
Delphine,1970-01-01 00:00:00.000000060,3339.0,05-04-2024 00h00,MANQUE DAMABILITE
Evaelle,1970-01-01 00:00:00.000000054,4938000.0,"January 05, 2024",
Carole,1970-01-01 00:00:00.000000033,1386 CAD,2024/04,site lent
Sylvie,1970-01-01 00:00:00.000000069,29O5e3 USD,20/01/2024,mauvais
Maxime,1970-01-01 00:00:00.000000063,4885e3 dollars,01/04/24,MOYEN
Adele,1970-01-01 00:00:00.000000054,37ll.,02/16/24,LIVRE EN RETARD
Regis,1970-01-01 00:00:00.000000087,3747.0,"January 18, 2024",colis perdu
Nicolas,1970-01-01 00:00:00.000000063,l6l3.,vers 26-04-2024,SERVICE REACTIF
Manon,1970-01-01 00:00:00.000000063,1405000.0,OO/OO/OOOO,Probleme livraison
Arthur,1970-01-01 00:00:00.000000047,1228 pesos,19 Jan 2024,Correct
Lina,1970-01-01 00:00:00.000000034,1785.0,10 February 2024,aucune explication
Oceane,1970-01-01 00:00:00.000000039,2529e3 dollars,2024/03,erreur de commande
Alice,1970-01-01 00:00:00.000000058,2O2l 000 USD,16/04/24,Bon service
